{"count":1,"self":92.3030656,"total":92.62378799999999,"children":{"InitializeActuators":{"count":1,"self":0.0036379999999999997,"total":0.0036379999999999997,"children":null},"InitializeSensors":{"count":1,"self":0.001754,"total":0.001754,"children":null},"AgentSendState":{"count":4526,"self":0.013717,"total":0.060176999999999994,"children":{"CollectObservations":{"count":27,"self":0.010688999999999999,"total":0.010688999999999999,"children":null},"WriteActionMask":{"count":27,"self":0.016016,"total":0.016016,"children":null},"RequestDecision":{"count":27,"self":0.019754999999999998,"total":0.019754999999999998,"children":null}}},"DecideAction":{"count":4526,"self":0.17060899999999998,"total":0.17060899999999998,"children":null},"AgentAct":{"count":4526,"self":0.08297199999999999,"total":0.08297199999999999,"children":null}},"gauges":{},"metadata":{"timer_format_version":"0.1.0","start_time_seconds":"1665678254","unity_version":"2021.3.11f1","command_line_arguments":"\/Applications\/Unity\/2021.3.11f1\/Unity.app\/Contents\/MacOS\/Unity -projectpath \/Users\/hezzze\/projects\/99_Unity -useHub -hubIPC -cloudEnvironment production -licensingIpc LicenseClient-hezzze -hubSessionId b93daa80-4ad1-11ed-9da7-dd3736706d44 -accessToken PMEK7V32SfsrOYzckJjP736w7tTwX0MHG11K4vnPJds00bf","communication_protocol_version":"1.5.0","com.unity.ml-agents_version":"2.2.1-exp.1","scene_name":"GameScene","end_time_seconds":"1665678346"}}